Grade;Cod;Descricao;UN;Inicial;Ent.;Ent.MCDD;Reserva;Trans.;Saidas;Sai.MCDD;Disp.;Res.Magali;Inic.Agend.;Ent.Agend.;Sai.Agend.;Disp.Agend.
01;000253;SU PT1 CX6     ;cx  ;0000205;0000000;0000000;0000000;000000; 000000; 000000; 0000205; 0000000;0000000;0000000;0000000; 0000000
01;000279;BC LN355 SP CX4;cx  ;0000027;0000000;0000000;0000000;000000; 000000; 000000; 0000027; 0000000;0000000;0000000;0000000; 0000000
01;000371;MZBR LN355 SP B;cx  ;0000065;0000000;0000000;0000000;000000; 000000; 000000; 0000065; 0000000;0000000;0000000;0000000; 0000000
01;000503;SU PT2 CX6     ;cx  ;0000791;0000000;0000000;0000000;000000; 000000; 000000; 0000791; 0000000;0000000;0000000;0000000; 0000000
01;000504;PC PT2 CX6     ;cx  ;0000872;0000000;0000000;0000000;000000; 000001; 000000; 0000871; 0000000;0000000;0000000;0000000; 0000000
01;000972;SK 300         ;Dz  ;0000016;0000000;0000000;0000000;000000; 000000; 000000; 0000016; 0000000;0000000;0000000;0000000; 0000000
01;000978;BC 300         ;Dz  ;0004153;0001296;0000000;0000000;000000; 000002; 000000; 0005447; 0000000;0000000;0000000;0000000; 0000000
01;000982;SK 600         ;Dz  ;0000079;0000000;0000000;0000000;000000; 000000; 000000; 0000079; 0000000;0000000;0000000;0000000; 0000000
01;000988;BC 600         ;Dz  ;0003060;0000000;0000000;0000000;000000; 000000; 000000; 0003060; 0000000;0000000;0000000;0000000; 0000000
01;001164;SUKITA UVA LT35;cx  ;0000239;0000000;0000000;0000000;000000; 000000; 000000; 0000239; 0000000;0000000;0000000;0000000; 0000000
01;001166;SUKITA UVA PT2 ;cx  ;0000075;0000000;0000000;0000000;000000; 000000; 000000; 0000075; 0000000;0000000;0000000;0000000; 0000000
01;001388;SK GFAVD1L 2,99;Dz  ;0000053;0000000;0000000;0000000;000000; 000000; 000000; 0000053; 0000000;0000000;0000000;0000000; 0000000
01;001695;BC GFAVD1L COM ;Dz  ;0000000;0000500;0000000;0000000;000000; 000000; 000000; 0000500; 0000000;0000000;0000000;0000000; 0000000
01;001743;AP GFAVD1L COM ;Dz  ;0000084;0000000;0000000;0000000;000000; 000000; 000000; 0000084; 0000000;0000000;0000000;0000000; 0000000
01;001898;BC L269SH15NP  ;cx  ;0000299;0000000;0000000;0000000;000000; 000000; 000000; 0000299; 0000000;0000000;0000000;0000000; 0000000
01;002006;ASUBZERO 600   ;Dz  ;0000026;0000000;0000000;0000000;000000; 000000; 000000; 0000026; 0000000;0000000;0000000;0000000; 0000000
01;002008;ASUBZERO LT350S;cx  ;0000201;0000000;0000000;0000000;000000; 000000; 000000; 0000201; 0000000;0000000;0000000;0000000; 0000000
01;002132;GCA PT1 CX6 NR ;cx  ;0000220;0000000;0000000;0000000;000000; 000000; 000000; 0000220; 0000000;0000000;0000000;0000000; 0000000
01;002231;GCA 290        ;Dz  ;0000002;0000000;0000000;0000000;000000; 000000; 000000; 0000002; 0000000;0000000;0000000;0000000; 0000000
01;002349;GCA PT2 CX6    ;cx  ;0003953;0000000;0000000;0000000;000000; 000000; 000000; 0003953; 0000000;0000000;0000000;0000000; 0000000
01;002350;SLA PT2 CX6    ;cx  ;0000107;0000000;0000000;0000000;000000; 000000; 000000; 0000107; 0000000;0000000;0000000;0000000; 0000000
01;002353;GCAD PT2 CX6   ;cx  ;0000280;0000000;0000000;0000000;000000; 000000; 000000; 0000280; 0000000;0000000;0000000;0000000; 0000000
01;002354;SLA DI PT2 CX6 ;cx  ;0000135;0000000;0000000;0000000;000000; 000000; 000000; 0000135; 0000000;0000000;0000000;0000000; 0000000
01;002532;AP 300         ;Dz  ;0000921;0000000;0000000;0000000;000000; 000000; 000000; 0000921; 0000000;0000000;0000000;0000000; 0000000
01;002538;AP 600         ;Dz  ;0000478;0000000;0000000;0000000;000000; 000000; 000000; 0000478; 0000000;0000000;0000000;0000000; 0000000
01;002546;ORIGINAL 600   ;Dz  ;0002084;0000000;0000000;0000000;000000; 000000; 000000; 0002084; 0000000;0000000;0000000;0000000; 0000000
01;002548;BUD 600        ;Dz  ;0000000;0000084;0000000;0000000;000000; 000000; 000000; 0000084; 0000000;0000000;0000000;0000000; 0000000
01;002585;GCA GFAVD1L    ;Dz  ;0000078;0000000;0000000;0000000;000000; 000000; 000000; 0000078; 0000000;0000000;0000000;0000000; 0000000
01;003733;BONOV 600      ;Dz  ;0000190;0000000;0000000;0000000;000000; 000000; 000000; 0000190; 0000000;0000000;0000000;0000000; 0000000
01;004141;PAAMLANA LTSL35;cx  ;0000041;0000000;0000000;0000000;000000; 000000; 000000; 0000041; 0000000;0000000;0000000;0000000; 0000000
01;004143;PABOPINA LTSL35;cx  ;0000048;0000000;0000000;0000000;000000; 000000; 000000; 0000048; 0000000;0000000;0000000;0000000; 0000000
01;004164;TISUCPUV TETRP3;cx  ;0000073;0000000;0000000;0000000;000000; 000000; 000000; 0000073; 0000000;0000000;0000000;0000000; 0000000
01;004166;TIALNUV TETRP1L;cx  ;0000102;0000000;0000000;0000000;000000; 000000; 000000; 0000102; 0000000;0000000;0000000;0000000; 0000000
01;004177;TIALNECL TETRP1;cx  ;0000063;0000000;0000000;0000000;000000; 000000; 000000; 0000063; 0000000;0000000;0000000;0000000; 0000000
01;004193;PAWENA LTSL350C;cx  ;0000003;0000000;0000000;0000000;000000; 000000; 000000; 0000003; 0000000;0000000;0000000;0000000; 0000000
01;004198;PATAGIPA LTSL35;cx  ;0000027;0000000;0000000;0000000;000000; 000000; 000000; 0000027; 0000000;0000000;0000000;0000000; 0000000
01;004202;TAGCO TETP200ML;cx  ;0000076;0000000;0000000;0000000;000000; 000000; 000000; 0000076; 0000000;0000000;0000000;0000000; 0000000
01;004206;TIANECMA TETRP1;cx  ;0000097;0000000;0000000;0000000;000000; 000000; 000000; 0000097; 0000000;0000000;0000000;0000000; 0000000
01;004217;TIALNUV TETRP33;cx  ;0000469;0000000;0000000;0000000;000000; 000000; 000000; 0000469; 0000000;0000000;0000000;0000000; 0000000
01;004219;TIALNECP TETRP3;cx  ;0000238;0000000;0000000;0000000;000000; 000000; 000000; 0000238; 0000000;0000000;0000000;0000000; 0000000
01;004238;TIANECMA TETRP3;cx  ;0000213;0000000;0000000;0000000;000000; 000000; 000000; 0000213; 0000000;0000000;0000000;0000000; 0000000
01;004241;TIALNECL TETRP3;cx  ;0000106;0000000;0000000;0000000;000000; 000000; 000000; 0000106; 0000000;0000000;0000000;0000000; 0000000
01;004293;PEBL PT200SH12 ;cx  ;0000018;0000000;0000000;0000000;000000; 000000; 000000; 0000018; 0000000;0000000;0000000;0000000; 0000000
01;004409;PC TW PT2 SHRK6;cx  ;0000113;0000000;0000000;0000000;000000; 000000; 000000; 0000113; 0000000;0000000;0000000;0000000; 0000000
01;007703;PC PT1 CX6     ;cx  ;0000065;0000000;0000000;0000000;000000; 000000; 000000; 0000065; 0000000;0000000;0000000;0000000; 0000000
01;007945;PC PET2,5CX6   ;cx  ;0000077;0000000;0000000;0000000;000000; 000000; 000000; 0000077; 0000000;0000000;0000000;0000000; 0000000
01;007947;GCA PET2,5CX6  ;cx  ;0000126;0000000;0000000;0000000;000000; 000000; 000000; 0000126; 0000000;0000000;0000000;0000000; 0000000
01;007977;GT UVA PET500 6;cx  ;0000903;0001764;0000000;0000000;000000; 000000; 000000; 0002667; 0000000;0000000;0000000;0000000; 0000000
01;007980;GT TANG PET500 ;cx  ;0001945;0001764;0000000;0000000;000000; 000000; 000000; 0003709; 0000000;0000000;0000000;0000000; 0000000
01;007981;GT LAR PET500 6;cx  ;0000000;0002352;0000000;0000000;000000; 000000; 000000; 0002352; 0000000;0000000;0000000;0000000; 0000000
01;007983;GT MO-MA PET500;cx  ;0000010;0000000;0000000;0000000;000000; 000000; 000000; 0000010; 0000000;0000000;0000000;0000000; 0000000
01;008336;ORIGINAL OW600C;cx  ;0000213;0000000;0000000;0000000;000000; 000000; 000000; 0000213; 0000000;0000000;0000000;0000000; 0000000
01;008418;PC PET1500CX06 ;cx  ;0000114;0000000;0000000;0000000;000000; 000000; 000000; 0000114; 0000000;0000000;0000000;0000000; 0000000
01;008791;H2OH PT500 CX12;cx  ;0000287;0000000;0000000;0000000;000000; 000000; 000000; 0000287; 0000000;0000000;0000000;0000000; 0000000
01;008793;H2OH PET1,5 CX6;cx  ;0000112;0000000;0000000;0000000;000000; 000000; 000000; 0000112; 0000000;0000000;0000000;0000000; 0000000
01;008919;GCA P60012NP   ;cx  ;0000135;0000000;0000000;0000000;000000; 000000; 000000; 0000135; 0000000;0000000;0000000;0000000; 0000000
01;009067;AP LT350SH12NP ;cx  ;0000006;0000000;0000000;0000000;000000; 000000; 000000; 0000006; 0000000;0000000;0000000;0000000; 0000000
01;009068;SK LT350SH12NP ;cx  ;0000273;0000000;0000000;0000000;000000; 000000; 000000; 0000273; 0000000;0000000;0000000;0000000; 0000000
01;009069;BC LT350SH12NP ;cx  ;0000959;0000000;0000000;0000000;000000; 000000; 000000; 0000959; 0000000;0000000;0000000;0000000; 0000000
01;009081;MZBR LT350SH12N;cx  ;0000039;0000000;0000000;0000000;000000; 000000; 000000; 0000039; 0000000;0000000;0000000;0000000; 0000000
01;009083;SK LT473SH12NP ;cx  ;0000182;0000000;0000000;0000000;000000; 000000; 000000; 0000182; 0000000;0000000;0000000;0000000; 0000000
01;009084;GCA LT350SH12NP;cx  ;0000399;0000000;0000000;0000000;000000; 000000; 000000; 0000399; 0000000;0000000;0000000;0000000; 0000000
01;009085;GCAD LT350SH12N;cx  ;0000001;0000000;0000000;0000000;000000; 000000; 000000; 0000001; 0000000;0000000;0000000;0000000; 0000000
01;009087;SLA LT350SH12NP;cx  ;0000182;0000000;0000000;0000000;000000; 000000; 000000; 0000182; 0000000;0000000;0000000;0000000; 0000000
01;009089;SU LT350SH12NP ;cx  ;0000262;0000000;0000000;0000000;000000; 000000; 000000; 0000262; 0000000;0000000;0000000;0000000; 0000000
01;009091;TA LT350SH12NP ;cx  ;0000277;0000000;0000000;0000000;000000; 000000; 000000; 0000277; 0000000;0000000;0000000;0000000; 0000000
01;009092;TAD LT350SH12NP;cx  ;0000120;0000000;0000000;0000000;000000; 000000; 000000; 0000120; 0000000;0000000;0000000;0000000; 0000000
01;009093;PC TW LT350SH12;cx  ;0000221;0000000;0000000;0000000;000000; 000000; 000000; 0000221; 0000000;0000000;0000000;0000000; 0000000
01;009096;PC LT350SH12NP ;cx  ;0000783;0000000;0000000;0000000;000000; 000000; 000000; 0000783; 0000000;0000000;0000000;0000000; 0000000
01;009276;PEPZERO PT2 CX6;cx  ;0000081;0000000;0000000;0000000;000000; 000000; 000000; 0000081; 0000000;0000000;0000000;0000000; 0000000
01;009320;BC LT473SH12NP ;cx  ;0006139;0000220;0000000;0000000;000000; 000002; 000000; 0006357; 0000000;0000000;0000000;0000000; 0000000
01;009427;AP LT473SH12NP ;cx  ;0003715;0001540;0000000;0000000;000000; 000000; 000000; 0005255; 0000000;0000000;0000000;0000000; 0000000
01;009805;LEF BL OW330CX2;cx  ;0000011;0000000;0000000;0000000;000000; 000000; 000000; 0000011; 0000000;0000000;0000000;0000000; 0000000
01;009809;HOE WHIT OW330C;cx  ;0000002;0000000;0000000;0000000;000000; 000000; 000000; 0000002; 0000000;0000000;0000000;0000000; 0000000
01;010175;ASUBZERO LT473S;cx  ;0000401;0000000;0000000;0000000;000000; 000000; 000000; 0000401; 0000000;0000000;0000000;0000000; 0000000
01;010530;ASUBZERO GFAVD1;Dz  ;0000020;0000000;0000000;0000000;000000; 000000; 000000; 0000020; 0000000;0000000;0000000;0000000; 0000000
01;010537;BOH GFAVD990ML ;Dz  ;0000052;0000000;0000000;0000000;000000; 000000; 000000; 0000052; 0000000;0000000;0000000;0000000; 0000000
01;011102;H2OCITCGAS PT50;cx  ;0000307;0000000;0000000;0000000;000000; 000000; 000000; 0000307; 0000000;0000000;0000000;0000000; 0000000
01;011103;H2OCITCGAS PT1,;cx  ;0000217;0000000;0000000;0000000;000000; 000000; 000000; 0000217; 0000000;0000000;0000000;0000000; 0000000
01;011368;BUD 350CXCAR12N;cx  ;0000280;0000000;0000000;0000000;000000; 000000; 000000; 0000280; 0000000;0000000;0000000;0000000; 0000000
01;011425;AP OW300CX12   ;cx  ;0000143;0000000;0000000;0000000;000000; 000000; 000000; 0000143; 0000000;0000000;0000000;0000000; 0000000
01;011504;BC OW300MLCXPAP;cx  ;0000244;0000176;0000000;0000000;000000; 000000; 000000; 0000420; 0000000;0000000;0000000;0000000; 0000000
01;011593;PC GFAVD1L     ;Dz  ;0000053;0000000;0000000;0000000;000000; 000000; 000000; 0000053; 0000000;0000000;0000000;0000000; 0000000
01;012948;BCZ LT350SH12NP;cx  ;0000733;0000000;0000000;0000000;000000; 000000; 000000; 0000733; 0000000;0000000;0000000;0000000; 0000000
01;012951;BCZ LN355SPCTC4;cx  ;0000061;0000000;0000000;0000000;000000; 000000; 000000; 0000061; 0000000;0000000;0000000;0000000; 0000000
01;013061;H2OH LNETO PT50;cx  ;0000312;0000000;0000000;0000000;000000; 000000; 000000; 0000312; 0000000;0000000;0000000;0000000; 0000000
01;013065;H2OH LNETO PT1,;cx  ;0000013;0000000;0000000;0000000;000000; 000000; 000000; 0000013; 0000000;0000000;0000000;0000000; 0000000
01;013307;BUD GFVD990C12 ;cx  ;0000102;0000000;0000000;0000000;000000; 000000; 000000; 0000102; 0000000;0000000;0000000;0000000; 0000000
01;013486;FUSION PT 1LSHC;cx  ;0000179;0000000;0000000;0000000;000000; 000000; 000000; 0000179; 0000000;0000000;0000000;0000000; 0000000
01;013566;SKBTSEN LT269CX;cx  ;0000326;0000000;0000000;0000000;000000; 000000; 000000; 0000326; 0000000;0000000;0000000;0000000; 0000000
01;014103;WLSE OW600CX12A;cx  ;0000013;0000000;0000000;0000000;000000; 000000; 000000; 0000013; 0000000;0000000;0000000;0000000; 0000000
01;014109;WLWI OW600CX12A;cx  ;0000014;0000000;0000000;0000000;000000; 000000; 000000; 0000014; 0000000;0000000;0000000;0000000; 0000000
01;014113;XWL OW600CX12AR;cx  ;0000032;0000000;0000000;0000000;000000; 000000; 000000; 0000032; 0000000;0000000;0000000;0000000; 0000000
01;014135;BUD LT473SPSHC2;cx  ;0001419;0000000;0000000;0000000;000000; 000000; 000000; 0001419; 0000000;0000000;0000000;0000000; 0000000
01;014138;SKBTSEN LT473SP;cx  ;0000345;0000000;0000000;0000000;000000; 000000; 000000; 0000345; 0000000;0000000;0000000;0000000; 0000000
01;014293;WLTR OW375MLCX1;cx  ;0000008;0000000;0000000;0000000;000000; 000000; 000000; 0000008; 0000000;0000000;0000000;0000000; 0000000
01;014340;ORIGINAL OW300M;cx  ;0000226;0000000;0000000;0000000;000000; 000000; 000000; 0000226; 0000000;0000000;0000000;0000000; 0000000
01;014405;WVPA OW600CX12A;cx  ;0000014;0000000;0000000;0000000;000000; 000000; 000000; 0000014; 0000000;0000000;0000000;0000000; 0000000
01;014523;WSHC OW600CX12A;cx  ;0000015;0000000;0000000;0000000;000000; 000000; 000000; 0000015; 0000000;0000000;0000000;0000000; 0000000
01;014548;COLCAU OW600CX-;cx  ;0000015;0000000;0000000;0000000;000000; 000000; 000000; 0000015; 0000000;0000000;0000000;0000000; 0000000
01;014550;COLAP OW600CX-1;cx  ;0000012;0000000;0000000;0000000;000000; 000000; 000000; 0000012; 0000000;0000000;0000000;0000000; 0000000
01;014552;COLIND OW600CX-;cx  ;0000021;0000000;0000000;0000000;000000; 000000; 000000; 0000021; 0000000;0000000;0000000;0000000; 0000000
01;014554;COLDEM OW600CX-;cx  ;0000015;0000000;0000000;0000000;000000; 000000; 000000; 0000015; 0000000;0000000;0000000;0000000; 0000000
01;014556;COLVIX OW600CX-;cx  ;0000013;0000000;0000000;0000000;000000; 000000; 000000; 0000013; 0000000;0000000;0000000;0000000; 0000000
01;016480;BOH 300        ;Dz  ;0000368;0000000;0000000;0000000;000000; 000000; 000000; 0000368; 0000000;0000000;0000000;0000000; 0000000
01;017266;BOH LT473CXCART;cx  ;0000157;0000220;0000000;0000000;000000; 000000; 000000; 0000377; 0000000;0000000;0000000;0000000; 0000000
01;017268;PABOPINA 355LN ;cx  ;0000020;0000000;0000000;0000000;000000; 000000; 000000; 0000020; 0000000;0000000;0000000;0000000; 0000000
01;017276;PAAMLANA 355LN ;cx  ;0000024;0000000;0000000;0000000;000000; 000000; 000000; 0000024; 0000000;0000000;0000000;0000000; 0000000
01;017278;PAWENA 355LN CX;cx  ;0000019;0000000;0000000;0000000;000000; 000000; 000000; 0000019; 0000000;0000000;0000000;0000000; 0000000
01;017283;WLHAZE OW600CX1;cx  ;0000018;0000000;0000000;0000000;000000; 000000; 000000; 0000018; 0000000;0000000;0000000;0000000; 0000000
01;017678;SK LT350SH18NPA;cx  ;0000195;0000000;0000000;0000000;000000; 000000; 000000; 0000195; 0000000;0000000;0000000;0000000; 0000000
01;017757;BKN LN330 SP SH;cx  ;0000071;0000000;0000000;0000000;000000; 000000; 000000; 0000071; 0000000;0000000;0000000;0000000; 0000000
01;017797;BC LT350SH18NPA;cx  ;0008822;0000000;0000000;0000000;000000; 000000; 000000; 0008822; 0000000;0000000;0000000;0000000; 0000000
01;017808;BUD OW330 C 24 ;cx  ;0000000;0000168;0000000;0000000;000000; 000000; 000000; 0000168; 0000000;0000000;0000000;0000000; 0000000
01;017874;WSCOBA OW600CX1;cx  ;0000009;0000000;0000000;0000000;000000; 000000; 000000; 0000009; 0000000;0000000;0000000;0000000; 0000000
01;018137;GCA P3LC4SHL   ;cx  ;0000069;0000080;0000000;0000000;000000; 000000; 000000; 0000149; 0000000;0000000;0000000;0000000; 0000000
01;018144;SERRANA LT473SH;cx  ;0000062;0000000;0000000;0000000;000000; 000000; 000000; 0000062; 0000000;0000000;0000000;0000000; 0000000
01;018152;GCA PT200SH12  ;cx  ;0000000;0000000;0000000;0000000;000000; 000000; 000000; 0000000; 0000000;0000000;0000000;0000000; 0000000
01;018266;PC PT200SH12   ;cx  ;0000212;0000000;0000000;0000000;000000; 000000; 000000; 0000212; 0000000;0000000;0000000;0000000; 0000000
01;018267;SLA PT200SH12  ;cx  ;0000780;0000000;0000000;0000000;000000; 000000; 000000; 0000780; 0000000;0000000;0000000;0000000; 0000000
01;018268;SU PT200SH12   ;cx  ;0000834;0000000;0000000;0000000;000000; 000000; 000000; 0000834; 0000000;0000000;0000000;0000000; 0000000
01;018341;PC P3000ML04SL ;cx  ;0000001;0000000;0000000;0000000;000000; 000000; 000000; 0000001; 0000000;0000000;0000000;0000000; 0000000
01;018490;PAAMLANA LT4736;cx  ;0000014;0000000;0000000;0000000;000000; 000000; 000000; 0000014; 0000000;0000000;0000000;0000000; 0000000
01;018676;SKPM LT473SH12N;cx  ;0000184;0000000;0000000;0000000;000000; 000000; 000000; 0000184; 0000000;0000000;0000000;0000000; 0000000
01;018678;SKPM GFAVD1L   ;Dz  ;0000041;0000000;0000000;0000000;000000; 000000; 000000; 0000041; 0000000;0000000;0000000;0000000; 0000000
01;018780;COREXN OW210CX4;cx  ;0000103;0000000;0000000;0000000;000000; 000000; 000000; 0000103; 0000000;0000000;0000000;0000000; 0000000
01;018807;S ARTOIS LN330 ;cx  ;0000068;0000000;0000000;0000000;000000; 000000; 000000; 0000068; 0000000;0000000;0000000;0000000; 0000000
01;018836;COREXTN LN330CX;cx  ;0000117;0000000;0000000;0000000;000000; 000000; 000000; 0000117; 0000000;0000000;0000000;0000000; 0000000
01;019164;GCA PT1LPC2 MPA;cx  ;0010210;0002100;0000000;0000000;000000; 000000; 000000; 0012310; 0000000;0000000;0000000;0000000; 0000000
01;019166;COLLAG OW600CX-;cx  ;0000013;0000000;0000000;0000000;000000; 000000; 000000; 0000013; 0000000;0000000;0000000;0000000; 0000000
01;019225;RB BR LT250C24N;cx  ;0000062;0000000;0000000;0000000;000000; 000000; 000000; 0000062; 0000000;0000000;0000000;0000000; 0000000
01;019227;RB BR LT355 FP ;cx  ;0000602;0000000;0000000;0000000;000000; 000000; 000000; 0000602; 0000000;0000000;0000000;0000000; 0000000
01;019229;RB BR LT250SPNP;cx  ;0000675;0000000;0000000;0000000;000000; 000000; 000000; 0000675; 0000000;0000000;0000000;0000000; 0000000
01;019231;RB SF BR LT250F;cx  ;0000739;0000000;0000000;0000000;000000; 000000; 000000; 0000739; 0000000;0000000;0000000;0000000; 0000000
01;019266;BOH LT269SH15  ;cx  ;0000199;0000000;0000000;0000000;000000; 000000; 000000; 0000199; 0000000;0000000;0000000;0000000; 0000000
01;019310;ORIGINAL 350CXC;cx  ;0000864;0000000;0000000;0000000;000000; 000000; 000000; 0000864; 0000000;0000000;0000000;0000000; 0000000
01;019321;GAZR PT200SH12 ;cx  ;0000369;0000000;0000000;0000000;000000; 000000; 000000; 0000369; 0000000;0000000;0000000;0000000; 0000000
01;019629;GOIPANAC LN355C;cx  ;0000015;0000000;0000000;0000000;000000; 000000; 000000; 0000015; 0000000;0000000;0000000;0000000; 0000000
01;019729;S ARTOIS LTSL35;cx  ;0000761;0000000;0000000;0000000;000000; 000000; 000000; 0000761; 0000000;0000000;0000000;0000000; 0000000
01;019799;WS LAGO OW600CX;cx  ;0000011;0000084;0000000;0000000;000000; 000000; 000000; 0000095; 0000000;0000000;0000000;0000000; 0000000
01;020178;PC TW PT200SH12;cx  ;0000218;0000000;0000000;0000000;000000; 000000; 000000; 0000218; 0000000;0000000;0000000;0000000; 0000000
01;020329;BRDM 600       ;Dz  ;0000072;0000000;0000000;0000000;000000; 000000; 000000; 0000072; 0000000;0000000;0000000;0000000; 0000000
01;020498;BRDM LTSL350SH1;cx  ;0000270;0000000;0000000;0000000;000000; 000000; 000000; 0000270; 0000000;0000000;0000000;0000000; 0000000
01;020530;S ARTOIS 600 ML;Dz  ;0000000;0000420;0000000;0000000;000000; 000000; 000000; 0000420; 0000000;0000000;0000000;0000000; 0000000
01;020533;BRDM GFAVD1L   ;Dz  ;0000103;0000000;0000000;0000000;000000; 000000; 000000; 0000103; 0000000;0000000;0000000;0000000; 0000000
01;020535;S ARTOIS OW600C;cx  ;0000370;0000000;0000000;0000000;000000; 000000; 000000; 0000370; 0000000;0000000;0000000;0000000; 0000000
01;020603;ORIGINAL LT269C;cx  ;0000407;0000000;0000000;0000000;000000; 000000; 000000; 0000407; 0000000;0000000;0000000;0000000; 0000000
01;020853;COLLAG LTSL350C;cx  ;0000026;0000000;0000000;0000000;000000; 000000; 000000; 0000026; 0000000;0000000;0000000;0000000; 0000000
01;021020;BUD LTSL350CXC1;cx  ;0000000;0000280;0000000;0000000;000000; 000000; 000000; 0000280; 0000000;0000000;0000000;0000000; 0000000
01;021074;AMSGAMA LSL350S;cx  ;0000286;0000000;0000000;0000000;000000; 000000; 000000; 0000286; 0000000;0000000;0000000;0000000; 0000000
01;021119;SKBGT LT269CPCT;cx  ;0000336;0000000;0000000;0000000;000000; 000000; 000000; 0000336; 0000000;0000000;0000000;0000000; 0000000
01;021441;SUKLIM PT2 CX6 ;cx  ;0000193;0000000;0000000;0000000;000000; 000000; 000000; 0000193; 0000000;0000000;0000000;0000000; 0000000
01;021501;COLLAG 355LN CX;cx  ;0000013;0000000;0000000;0000000;000000; 000000; 000000; 0000013; 0000000;0000000;0000000;0000000; 0000000
01;021526;JWRL GFVD1L    ;un  ;0000192;0000000;0000000;0000000;000000; 000000; 000000; 0000192; 0000000;0000000;0000000;0000000; 0000000
01;021527;TANQGLD GV750ML;un  ;0000115;0000000;0000000;0000000;000000; 000000; 000000; 0000115; 0000000;0000000;0000000;0000000; 0000000
01;021529;AOR GFVD1L     ;un  ;0000015;0000000;0000000;0000000;000000; 000000; 000000; 0000015; 0000000;0000000;0000000;0000000; 0000000
01;021632;SPTN LN355SPSH4;cx  ;0000090;0000000;0000000;0000000;000000; 000000; 000000; 0000090; 0000000;0000000;0000000;0000000; 0000000
01;021658;SPTN LTSL350CXC;cx  ;0000327;0000000;0000000;0000000;000000; 000000; 000000; 0000327; 0000000;0000000;0000000;0000000; 0000000
01;021666;RBT BR LT250FPN;cx  ;0000649;0000000;0000000;0000000;000000; 000000; 000000; 0000649; 0000000;0000000;0000000;0000000; 0000000
01;021668;SPTN OW600CX12N;cx  ;0000102;0000000;0000000;0000000;000000; 000000; 000000; 0000102; 0000000;0000000;0000000;0000000; 0000000
01;021678;COLIND LTSL350C;cx  ;0000031;0000000;0000000;0000000;000000; 000000; 000000; 0000031; 0000000;0000000;0000000;0000000; 0000000
01;021775;SELOUR GFVD1L  ;un  ;0000184;0000000;0000000;0000000;000000; 000000; 000000; 0000184; 0000000;0000000;0000000;0000000; 0000000
01;021776;SELPR GFVD1L   ;un  ;0000197;0000000;0000000;0000000;000000; 000000; 000000; 0000197; 0000000;0000000;0000000;0000000; 0000000
01;021777;BOA GFVD1L     ;un  ;0000133;0000000;0000000;0000000;000000; 000000; 000000; 0000133; 0000000;0000000;0000000;0000000; 0000000
01;021781;SMIRICE GFAVD27;cx  ;0000096;0000000;0000000;0000000;000000; 000000; 000000; 0000096; 0000000;0000000;0000000;0000000; 0000000
01;021786;MCBR GFVD1L    ;un  ;0000027;0000000;0000000;0000000;000000; 000000; 000000; 0000027; 0000000;0000000;0000000;0000000; 0000000
01;021789;ORLF GFVD1L    ;un  ;0000386;0000000;0000000;0000000;000000; 000000; 000000; 0000386; 0000000;0000000;0000000;0000000; 0000000
01;021791;PIR51 GFAVD965M;un  ;0000021;0000000;0000000;0000000;000000; 000000; 000000; 0000021; 0000000;0000000;0000000;0000000; 0000000
01;021792;WHITHOR GFVD1L ;un  ;0000452;0000000;0000000;0000000;000000; 000000; 000000; 0000452; 0000000;0000000;0000000;0000000; 0000000
01;021887;ORLOFF DRY GFVD;un  ;0000025;0000000;0000000;0000000;000000; 000000; 000000; 0000025; 0000000;0000000;0000000;0000000; 0000000
01;021892;NOVM GOW750C6  ;cx  ;0000035;0000000;0000000;0000000;000000; 000000; 000000; 0000035; 0000000;0000000;0000000;0000000; 0000000
01;021894;NOVCS GOW750C6 ;cx  ;0000046;0000000;0000000;0000000;000000; 000000; 000000; 0000046; 0000000;0000000;0000000;0000000; 0000000
01;021955;CHIVR12A GFVD1L;un  ;0000028;0000000;0000000;0000000;000000; 000000; 000000; 0000028; 0000000;0000000;0000000;0000000; 0000000
01;021968;TRIDENTH ENV8GC;cx  ;0000076;0000000;0000000;0000000;000000; 000000; 000000; 0000076; 0000000;0000000;0000000;0000000; 0000000
01;021970;TRIDENTM ENV8GC;cx  ;0000297;0000000;0000000;0000000;000000; 000000; 000000; 0000297; 0000000;0000000;0000000;0000000; 0000000
01;021974;TRIDTUTFRUT ENV;cx  ;0000105;0000000;0000000;0000000;000000; 000000; 000000; 0000105; 0000000;0000000;0000000;0000000; 0000000
01;022003;HALLSCER ENV28G;cx  ;0000110;0000000;0000000;0000000;000000; 000000; 000000; 0000110; 0000000;0000000;0000000;0000000; 0000000
01;022005;HALLSMENT ENV28;cx  ;0000135;0000000;0000000;0000000;000000; 000000; 000000; 0000135; 0000000;0000000;0000000;0000000; 0000000
01;022007;HALLSEF ENV28GC;cx  ;0000023;0000000;0000000;0000000;000000; 000000; 000000; 0000023; 0000000;0000000;0000000;0000000; 0000000
01;022009;CHICLADHORT CAI;cx  ;0000015;0000000;0000000;0000000;000000; 000000; 000000; 0000015; 0000000;0000000;0000000;0000000; 0000000
01;022027;COLAP LTSL350C8;cx  ;0000029;0000000;0000000;0000000;000000; 000000; 000000; 0000029; 0000000;0000000;0000000;0000000; 0000000
01;022049;SEL GFAVD600ML ;un  ;0000130;0000000;0000000;0000000;000000; 000000; 000000; 0000130; 0000000;0000000;0000000;0000000; 0000000
01;022051;BOA GFAVD600ML ;un  ;0000019;0000000;0000000;0000000;000000; 000000; 000000; 0000019; 0000000;0000000;0000000;0000000; 0000000
01;022177;BUDZR LTSL350C8;cx  ;0000257;0000000;0000000;0000000;000000; 000000; 000000; 0000257; 0000000;0000000;0000000;0000000; 0000000
01;022180;BUDZR LN330 SP ;cx  ;0000060;0000000;0000000;0000000;000000; 000000; 000000; 0000060; 0000000;0000000;0000000;0000000; 0000000
01;022202;TAZ PT 1LSHC06 ;cx  ;0000055;0000000;0000000;0000000;000000; 000000; 000000; 0000055; 0000000;0000000;0000000;0000000; 0000000
01;022211;GUAVNGINS GFAP5;cx  ;0000029;0000000;0000000;0000000;000000; 000000; 000000; 0000029; 0000000;0000000;0000000;0000000; 0000000
01;022213;GUAVNAC GFAP500;cx  ;0000035;0000000;0000000;0000000;000000; 000000; 000000; 0000035; 0000000;0000000;0000000;0000000; 0000000
01;022235;HOEWITNAC LT269;cx  ;0000032;0000000;0000000;0000000;000000; 000000; 000000; 0000032; 0000000;0000000;0000000;0000000; 0000000
01;022259;SUKITA UVA PT20;cx  ;0000373;0000800;0000000;0000000;000000; 000000; 000000; 0001173; 0000000;0000000;0000000;0000000; 0000000
01;022326;BRDM LT473SH12N;cx  ;0000926;0000000;0000000;0000000;000000; 000000; 000000; 0000926; 0000000;0000000;0000000;0000000; 0000000
01;022382;PASSPSEL GFVD1L;un  ;0000022;0000000;0000000;0000000;000000; 000000; 000000; 0000022; 0000000;0000000;0000000;0000000; 0000000
01;022514;BALFIN GV750ML ;un  ;0000298;0000000;0000000;0000000;000000; 000000; 000000; 0000298; 0000000;0000000;0000000;0000000; 0000000
01;022618;BC OW1LGRFECXC/;cx  ;0000095;0000000;0000000;0000000;000000; 000000; 000000; 0000095; 0000000;0000000;0000000;0000000; 0000000
01;022830;MONTCO GFVD1L  ;un  ;0000055;0000000;0000000;0000000;000000; 000000; 000000; 0000055; 0000000;0000000;0000000;0000000; 0000000
01;023029;JOHWALBL GFVD1L;un  ;0000092;0000000;0000000;0000000;000000; 000000; 000000; 0000092; 0000000;0000000;0000000;0000000; 0000000
01;023030;JOHWALBL GV750M;un  ;0000062;0000000;0000000;0000000;000000; 000000; 000000; 0000062; 0000000;0000000;0000000;0000000; 0000000
01;023163;SUKTUB PT2 SHRK;cx  ;0000001;0000000;0000000;0000000;000000; 000000; 000000; 0000001; 0000000;0000000;0000000;0000000; 0000000
01;023186;SPTN 600       ;Dz  ;0000000;0001428;0000000;0000000;000000; 000000; 000000; 0001428; 0000000;0000000;0000000;0000000; 0000000
01;023246;PLEICOND TETR39;cx  ;0000091;0000000;0000000;0000000;000000; 000000; 000000; 0000091; 0000000;0000000;0000000;0000000; 0000000
01;023256;PIRCRLEI TETRAP;cx  ;0000168;0000000;0000000;0000000;000000; 000000; 000000; 0000168; 0000000;0000000;0000000;0000000; 0000000
01;023269;SKBGT LN269SPSH;cx  ;0000126;0000000;0000000;0000000;000000; 000000; 000000; 0000126; 0000000;0000000;0000000;0000000; 0000000
01;023271;SKBTSEN LN269SP;cx  ;0000067;0000000;0000000;0000000;000000; 000000; 000000; 0000067; 0000000;0000000;0000000;0000000; 0000000
01;023463;AMSGAMA GFP500C;cx  ;0000212;0000000;0000000;0000000;000000; 000000; 000000; 0000212; 0000000;0000000;0000000;0000000; 0000000
01;023562;DANTRCABSAUV GF;cx  ;0000012;0000000;0000000;0000000;000000; 000000; 000000; 0000012; 0000000;0000000;0000000;0000000; 0000000
01;023564;DANTRMAL GFA750;cx  ;0000010;0000000;0000000;0000000;000000; 000000; 000000; 0000010; 0000000;0000000;0000000;0000000; 0000000
01;023594;PIRAKBEBLCH TET;cx  ;0000135;0000000;0000000;0000000;000000; 000000; 000000; 0000135; 0000000;0000000;0000000;0000000; 0000000
01;023651;PARTRA GFVD900M;un  ;0000219;0000000;0000000;0000000;000000; 000000; 000000; 0000219; 0000000;0000000;0000000;0000000; 0000000
01;023731;GT ME-MO PET500;cx  ;0000279;0000000;0000000;0000000;000000; 000000; 000000; 0000279; 0000000;0000000;0000000;0000000; 0000000
01;024042;PUVAGMSG GFPET1;cx  ;0000208;0000000;0000000;0000000;000000; 000000; 000000; 0000208; 0000000;0000000;0000000;0000000; 0000000
01;024044;PUVAGMCG GFPT51;cx  ;0001782;0000000;0000000;0000000;000000; 000000; 000000; 0001782; 0000000;0000000;0000000;0000000; 0000000
01;024046;PUVAGMSG GFPT51;cx  ;0002182;0000000;0000000;0000000;000000; 000001; 000000; 0002181; 0000000;0000000;0000000;0000000; 0000000
01;024055;SLOAGMSG GFPET5;cx  ;0000102;0000000;0000000;0000000;000000; 000000; 000000; 0000102; 0000000;0000000;0000000;0000000; 0000000
01;024057;SLAMCG GFPET300;cx  ;0000021;0000000;0000000;0000000;000000; 000000; 000000; 0000021; 0000000;0000000;0000000;0000000; 0000000
01;024168;MICULTN LN330 S;cx  ;0000075;0000000;0000000;0000000;000000; 000000; 000000; 0000075; 0000000;0000000;0000000;0000000; 0000000
01;024266;SALCHVTSE GFAVD;un  ;0000012;0000000;0000000;0000000;000000; 000000; 000000; 0000012; 0000000;0000000;0000000;0000000; 0000000
01;024306;RB MEL LT250FPN;cx  ;0000496;0000000;0000000;0000000;000000; 000000; 000000; 0000496; 0000000;0000000;0000000;0000000; 0000000
01;024479;BOH LN330 SP SH;cx  ;0000082;0000000;0000000;0000000;000000; 000000; 000000; 0000082; 0000000;0000000;0000000;0000000; 0000000
01;024819;ORIGINAL 300   ;Dz  ;0001094;0000000;0000000;0000000;000000; 000000; 000000; 0001094; 0000000;0000000;0000000;0000000; 0000000
01;024832;TINGOI TETRP1LC;cx  ;0000014;0000000;0000000;0000000;000000; 000000; 000000; 0000014; 0000000;0000000;0000000;0000000; 0000000
01;024834;TINGOI TTP200ML;cx  ;0000061;0000000;0000000;0000000;000000; 000000; 000000; 0000061; 0000000;0000000;0000000;0000000; 0000000
01;024837;TINGOI TETRP330;cx  ;0000160;0000000;0000000;0000000;000000; 000000; 000000; 0000160; 0000000;0000000;0000000;0000000; 0000000
01;025151;OPW GFAVDR1L   ;un  ;0000052;0000000;0000000;0000000;000000; 000000; 000000; 0000052; 0000000;0000000;0000000;0000000; 0000000
01;025176;51ICFMML GFAVD2;cx  ;0000001;0000000;0000000;0000000;000000; 000000; 000000; 0000001; 0000000;0000000;0000000;0000000; 0000000
01;025178;51CFMI GFAVD275;cx  ;0000001;0000000;0000000;0000000;000000; 000000; 000000; 0000001; 0000000;0000000;0000000;0000000; 0000000
01;025220;C51POUD GFDEVDR;un  ;0000067;0000000;0000000;0000000;000000; 000000; 000000; 0000067; 0000000;0000000;0000000;0000000; 0000000
01;025333;SALESMO GFAVD75;un  ;0000009;0000000;0000000;0000000;000000; 000000; 000000; 0000009; 0000000;0000000;0000000;0000000; 0000000
01;025335;SALTESBRRS GFAV;un  ;0000001;0000000;0000000;0000000;000000; 000000; 000000; 0000001; 0000000;0000000;0000000;0000000; 0000000
01;025342;SALTESPCLBR GFA;un  ;0000005;0000000;0000000;0000000;000000; 000000; 000000; 0000005; 0000000;0000000;0000000;0000000; 0000000
01;025700;FUSION PT2 SHRK;cx  ;0000072;0000000;0000000;0000000;000000; 000000; 000000; 0000072; 0000000;0000000;0000000;0000000; 0000000
01;025837;SPTN LT473CXCAR;cx  ;0000860;0000000;0000000;0000000;000000; 000000; 000000; 0000860; 0000000;0000000;0000000;0000000; 0000000
01;026047;MALRU GV750ML  ;un  ;0000009;0000000;0000000;0000000;000000; 000000; 000000; 0000009; 0000000;0000000;0000000;0000000; 0000000
01;026188;S ARTOIS LT473C;cx  ;0000000;0000440;0000000;0000000;000000; 000000; 000000; 0000440; 0000000;0000000;0000000;0000000; 0000000
01;026411;TINECAJ TETRP1L;cx  ;0000027;0000000;0000000;0000000;000000; 000000; 000000; 0000027; 0000000;0000000;0000000;0000000; 0000000
01;026461;KITBUD LN3302UN;un  ;0000005;0000000;0000000;0000000;000000; 000000; 000000; 0000005; 0000000;0000000;0000000;0000000; 0000000
01;026462;ORIGINAL LT473C;cx  ;0006897;0000000;0000000;0000000;000000; 000000; 000000; 0006897; 0000000;0000000;0000000;0000000; 0000000
01;026539;TINCMAC TETRP1L;cx  ;0000035;0000000;0000000;0000000;000000; 000000; 000000; 0000035; 0000000;0000000;0000000;0000000; 0000000
01;026607;REDBULPIT LT250;cx  ;0000797;0000000;0000000;0000000;000000; 000000; 000000; 0000797; 0000000;0000000;0000000;0000000; 0000000
01;026754;BRDM 300       ;Dz  ;0000056;0000000;0000000;0000000;000000; 000000; 000000; 0000056; 0000000;0000000;0000000;0000000; 0000000
01;026936;YPCOGTG GFAVD96;un  ;0000047;0000000;0000000;0000000;000000; 000000; 000000; 0000047; 0000000;0000000;0000000;0000000; 0000000
01;026993;WHITHOR GFAVDR5;un  ;0000624;0000000;0000000;0000000;000000; 000000; 000000; 0000624; 0000000;0000000;0000000;0000000; 0000000
01;027001;GOGIDR GFAVD750;un  ;0000127;0000000;0000000;0000000;000000; 000000; 000000; 0000127; 0000000;0000000;0000000;0000000; 0000000
01;027038;HEINMO SQUZ255G;un  ;0000001;0000000;0000000;0000000;000000; 000000; 000000; 0000001; 0000000;0000000;0000000;0000000; 0000000
01;027177;HALMENT ENV28GC;cx  ;0000332;0000000;0000000;0000000;000000; 000000; 000000; 0000332; 0000000;0000000;0000000;0000000; 0000000
01;027179;HALMORA ENV28GC;cx  ;0000137;0000000;0000000;0000000;000000; 000000; 000000; 0000137; 0000000;0000000;0000000;0000000; 0000000
01;027367;GITUDTRAD GFVD1;un  ;0000114;0000000;0000000;0000000;000000; 000000; 000000; 0000114; 0000000;0000000;0000000;0000000; 0000000
01;027372;JACKWH GFAVD750;un  ;0000024;0000000;0000000;0000000;000000; 000000; 000000; 0000024; 0000000;0000000;0000000;0000000; 0000000
01;027393;TQSLADA GFAVDR1;un  ;0000159;0000000;0000000;0000000;000000; 000000; 000000; 0000159; 0000000;0000000;0000000;0000000; 0000000
01;027394;TQADAG GFAVDR1L;un  ;0000292;0000000;0000000;0000000;000000; 000000; 000000; 0000292; 0000000;0000000;0000000;0000000; 0000000
01;027825;DOCON GFVD900ML;un  ;0000021;0000000;0000000;0000000;000000; 000000; 000000; 0000021; 0000000;0000000;0000000;0000000; 0000000
01;028137;SKBECAIP LT269C;cx  ;0000285;0000000;0000000;0000000;000000; 000000; 000000; 0000285; 0000000;0000000;0000000;0000000; 0000000
01;029197;TGREPL PCT18GDP;cx  ;0000149;0000000;0000000;0000000;000000; 000000; 000000; 0000149; 0000000;0000000;0000000;0000000; 0000000
01;029199;TREPL PCT18GDPC;cx  ;0000172;0000000;0000000;0000000;000000; 000000; 000000; 0000172; 0000000;0000000;0000000;0000000; 0000000
01;029201;TREPA PCT18GDPC;cx  ;0000126;0000000;0000000;0000000;000000; 000000; 000000; 0000126; 0000000;0000000;0000000;0000000; 0000000
01;029207;TREPM PCT18GDPC;cx  ;0000128;0000000;0000000;0000000;000000; 000000; 000000; 0000128; 0000000;0000000;0000000;0000000; 0000000
01;029209;TGREPM PCT18GDP;cx  ;0000142;0000000;0000000;0000000;000000; 000000; 000000; 0000142; 0000000;0000000;0000000;0000000; 0000000
01;029215;TREPU PCT18GDPC;cx  ;0000126;0000000;0000000;0000000;000000; 000000; 000000; 0000126; 0000000;0000000;0000000;0000000; 0000000
01;029232;51MAVE GFAVD275;cx  ;0000001;0000000;0000000;0000000;000000; 000000; 000000; 0000001; 0000000;0000000;0000000;0000000; 0000000
01;029253;ORIGINAL GFAVD1;Dz  ;0000095;0000000;0000000;0000000;000000; 000000; 000000; 0000095; 0000000;0000000;0000000;0000000; 0000000
01;029485;SKBECAIP LN269S;cx  ;0000050;0000000;0000000;0000000;000000; 000000; 000000; 0000050; 0000000;0000000;0000000;0000000; 0000000
01;029493;GTZCLARL PT350S;cx  ;0000109;0000000;0000000;0000000;000000; 000000; 000000; 0000109; 0000000;0000000;0000000;0000000; 0000000
01;029495;GTZCFRS PT350SH;cx  ;0000201;0000000;0000000;0000000;000000; 000000; 000000; 0000201; 0000000;0000000;0000000;0000000; 0000000
01;029504;OLPWIS GFAVD750;un  ;0000006;0000000;0000000;0000000;000000; 000000; 000000; 0000006; 0000000;0000000;0000000;0000000; 0000000
01;029580;STARTPG LN330 S;cx  ;0000065;0000084;0000000;0000000;000000; 000000; 000000; 0000149; 0000000;0000000;0000000;0000000; 0000000
01;029700;BUD 300        ;Dz  ;0000424;0000000;0000000;0000000;000000; 000000; 000000; 0000424; 0000000;0000000;0000000;0000000; 0000000
01;029926;JWBLWI GFVD1L  ;un  ;0000074;0000000;0000000;0000000;000000; 000000; 000000; 0000074; 0000000;0000000;0000000;0000000; 0000000
01;029934;XMBMRGL LAT355M;cx  ;0000050;0000000;0000000;0000000;000000; 000000; 000000; 0000050; 0000000;0000000;0000000;0000000; 0000000
01;030045;RB BR LT473ML C;cx  ;0000169;0000000;0000000;0000000;000000; 000000; 000000; 0000169; 0000000;0000000;0000000;0000000; 0000000
01;030649;ABSRAFR GV750ML;un  ;0000004;0000000;0000000;0000000;000000; 000000; 000000; 0000004; 0000000;0000000;0000000;0000000; 0000000
01;030910;GCAPCBLK PT1LPC;cx  ;0000069;0000000;0000000;0000000;000000; 000009; 000000; 0000060; 0000000;0000000;0000000;0000000; 0000000
01;031105;GCA PT500SHC12N;cx  ;0000158;0000000;0000000;0000000;000000; 000000; 000000; 0000158; 0000000;0000000;0000000;0000000; 0000000
01;031226;TSUVMAMCJPH TTP;cx  ;0000093;0000000;0000000;0000000;000000; 000000; 000000; 0000093; 0000000;0000000;0000000;0000000; 0000000
01;031232;TIALNECP TTP200;cx  ;0000171;0000000;0000000;0000000;000000; 000000; 000000; 0000171; 0000000;0000000;0000000;0000000; 0000000
01;031235;TALNABC TETRP1L;cx  ;0000053;0000000;0000000;0000000;000000; 000000; 000000; 0000053; 0000000;0000000;0000000;0000000; 0000000
01;031237;TINCMAC TETRP33;cx  ;0000194;0000000;0000000;0000000;000000; 000000; 000000; 0000194; 0000000;0000000;0000000;0000000; 0000000
01;031241;TINCMAC TTP200M;cx  ;0000089;0000000;0000000;0000000;000000; 000000; 000000; 0000089; 0000000;0000000;0000000;0000000; 0000000
01;031243;TIANECMA TTP200;cx  ;0000154;0000000;0000000;0000000;000000; 000000; 000000; 0000154; 0000000;0000000;0000000;0000000; 0000000
01;031274;TIALNUV TTP200M;cx  ;0000175;0000000;0000000;0000000;000000; 000000; 000000; 0000175; 0000000;0000000;0000000;0000000; 0000000
01;031746;CRCACG GFVD900M;un  ;0000420;0000000;0000000;0000000;000000; 000000; 000000; 0000420; 0000000;0000000;0000000;0000000; 0000000
01;031856;COREXTN LT473CX;cx  ;0003564;0000000;0000000;0000000;000000; 000000; 000000; 0003564; 0000000;0000000;0000000;0000000; 0000000
01;032067;GT BE BL PET500;cx  ;0000531;0000000;0000000;0000000;000000; 000000; 000000; 0000531; 0000000;0000000;0000000;0000000; 0000000
01;032094;BUWD12A GV750ML;un  ;0000040;0000000;0000000;0000000;000000; 000000; 000000; 0000040; 0000000;0000000;0000000;0000000; 0000000
01;032277;MAMCGA GFPET1,5;cx  ;0000062;0000000;0000000;0000000;000000; 000000; 000000; 0000062; 0000000;0000000;0000000;0000000; 0000000
01;032349;BTTROP LT269CPC;cx  ;0000310;0000000;0000000;0000000;000000; 000000; 000000; 0000310; 0000000;0000000;0000000;0000000; 0000000
01;032361;BTTROP LN269SPS;cx  ;0000079;0000000;0000000;0000000;000000; 000000; 000000; 0000079; 0000000;0000000;0000000;0000000; 0000000
01;032425;FUSION MELAC LT;cx  ;0000145;0000000;0000000;0000000;000000; 000000; 000000; 0000145; 0000000;0000000;0000000;0000000; 0000000
01;032427;FUSTROP LT473SH;cx  ;0000041;0000000;0000000;0000000;000000; 000000; 000000; 0000041; 0000000;0000000;0000000;0000000; 0000000
01;032644;BUBUVA DSP5GCX6;cx  ;0000088;0000000;0000000;0000000;000000; 000000; 000000; 0000088; 0000000;0000000;0000000;0000000; 0000000
01;032646;BUBTUFR DSP5GCX;cx  ;0000085;0000000;0000000;0000000;000000; 000000; 000000; 0000085; 0000000;0000000;0000000;0000000; 0000000
01;032648;BUBMORA DSP5GCX;cx  ;0000047;0000000;0000000;0000000;000000; 000000; 000000; 0000047; 0000000;0000000;0000000;0000000; 0000000
01;032795;MIDAGMSG GFPET1;cx  ;0000032;0000000;0000000;0000000;000000; 000000; 000000; 0000032; 0000000;0000000;0000000;0000000; 0000000
01;032969;REDBULSMP LT250;cx  ;0000793;0000000;0000000;0000000;000000; 000000; 000000; 0000793; 0000000;0000000;0000000;0000000; 0000000
